{"cameraMode":{"drawMode":0,"name":"Shaded","section":"Shading Mode"},"sceneLighting":true,"audioPlay":false,"sceneViewState":{"m_AlwaysRefresh":false,"showFog":true,"showSkybox":true,"showFlares":true,"showImageEffects":true,"showParticleSystems":true,"showVisualEffectGraphs":true,"m_FxEnabled":true},"in2DMode":false,"pivot":{"x":11.906230926513672,"y":-17.192989349365236,"z":-2.89677095413208},"rotation":{"x":-0.026460064575076104,"y":-0.9526236057281494,"z":0.2903130054473877,"w":-0.08682621270418167},"size":17.964824676513673,"orthographic":false}