{"cameraMode":{"drawMode":0,"name":"Shaded","section":"Shading Mode"},"sceneLighting":true,"audioPlay":false,"sceneViewState":{"m_AlwaysRefresh":false,"showFog":true,"showSkybox":true,"showFlares":true,"showImageEffects":true,"showParticleSystems":true,"showVisualEffectGraphs":true,"m_FxEnabled":true},"in2DMode":false,"pivot":{"x":11.204002380371094,"y":-12.714845657348633,"z":-26.83782196044922},"rotation":{"x":0.0004706703475676477,"y":-0.9914540648460388,"z":0.13043630123138429,"w":0.003576392075046897},"size":27.659379959106447,"orthographic":false}